customer_id,age,home_zone,customer_type,signup_date,loyalty_score,app_engagement_score,preferred_channel,account_status,age_group
C0001,26,North,Sme,27/11/2024 04:25,44.9,69.2,App,Active,Adult
C0002,61,Airport,Consumer,28/10/2025 01:04,55.4,66.6,App,Active,Senior
C0003,66,East,Consumer,02/07/2025 03:23,75.9,33.8,Unknown,Active,Senior
C0004,75,Central,Consumer,19/08/2025 01:58,32.5,33,App,Active,Senior
C0005,26,Riverside,Consumer,03/06/2025 06:02,55.9,100,Web,Active,Adult
C0006,41,West,Consumer,29/03/2024 13:26,39.9,43.3,Web,Active,Middle_Aged
C0007,54,West,Consumer,12/03/2024 07:05,36.1,39,App,Active,Middle_Aged
C0008,70,North,Sme,18/07/2025 13:03,84.6,65.2,Web,Active,Senior
C0009,34,South,Consumer,02/08/2025 03:14,62.6,40.8,App,Active,Adult
C0010,23,West,Consumer,07/10/2025 20:37,87.2,48.6,Phone,Active,Young
C0011,49,Central,Consumer,04/03/2024 18:37,79.9,72.5,Web,Active,Middle_Aged
C0012,60,Airport,Consumer,10/02/2025 01:14,46.3,74.4,App,Active,Middle_Aged
C0013,30,East,Enterprise,17/02/2024 17:54,31.3,51.7,App,Active,Adult
C0014,62,North,Consumer,16/05/2024 09:26,94.1,81,App,Active,Senior
C0015,37,South,Sme,27/05/2024 17:07,54.5,52.8,Phone,Active,Adult
C0016,21,Riverside,Consumer,07/08/2025 09:35,42.7,50.9,Web,Active,Young
C0017,30,South,Sme,29/11/2025 05:06,72.1,55.4,App,Active,Adult
C0018,56,West,Consumer,18/08/2025 18:40,63.2,49.6,Web,Dormant,Middle_Aged
C0019,67,Riverside,Consumer,11/07/2024 11:06,50.3,65.5,App,Dormant,Senior
C0020,67,North,Sme,14/07/2025 22:04,55.5,60.8,App,Active,Senior
C0021,30,Central,Sme,31/07/2025 01:39,63.6,40.8,Phone,Active,Adult
C0022,71,Riverside,Consumer,29/07/2024 15:43,62.2,58.9,App,Active,Senior
C0023,52,South,Consumer,28/06/2025 13:49,73.1,45.2,Web,Active,Middle_Aged
C0024,66,West,Consumer,17/11/2024 14:37,55.3,44.5,App,Active,Senior
C0025,23,Riverside,Consumer,09/04/2025 11:19,55.5,52.8,App,Active,Young
C0026,34,North,Enterprise,11/09/2024 05:44,70.6,74.8,Phone,Active,Adult
C0027,53,West,Sme,06/09/2024 02:36,66,60.7,Web,Dormant,Middle_Aged
C0028,22,Central,Consumer,03/11/2024 16:31,78.5,79.6,App,Active,Young
C0029,44,Central,Consumer,17/12/2024 23:28,57,85.2,App,Active,Middle_Aged
C0030,63,West,Consumer,21/10/2024 19:04,59.4,54.8,App,Active,Senior
C0031,35,South,Consumer,30/04/2024 16:26,42.5,44,Web,Active,Adult
C0032,69,West,Consumer,17/06/2024 10:09,85,40.5,Phone,Dormant,Senior
C0033,58,East,Consumer,15/05/2025 13:02,38.7,60.8,App,Active,Middle_Aged
C0034,39,West,Enterprise,15/11/2025 02:48,64.2,71.9,App,Active,Adult
C0035,22,East,Consumer,25/07/2025 18:50,46.7,85.5,App,Active,Young
C0036,36,Airport,Consumer,17/11/2024 10:44,66.4,30.7,App,Active,Adult
C0037,51,Central,Sme,24/12/2024 19:31,72.9,73,Phone,Active,Middle_Aged
C0038,21,East,Consumer,16/08/2025 14:04,34.8,75.8,App,Active,Young
C0039,32,Central,Consumer,05/04/2024 08:30,57.6,100,Web,Active,Adult
C0040,21,South,Consumer,14/12/2025 21:04,32.9,59.1,App,Active,Young
C0041,67,West,Sme,03/03/2024 23:44,83.5,54.9,App,Active,Senior
C0042,24,East,Consumer,13/11/2024 20:36,53.9,26.7,Web,Active,Young
C0043,40,Central,Consumer,28/11/2025 14:18,35.8,40.8,Web,Active,Adult
C0044,47,East,Consumer,30/01/2025 21:22,49.8,34.6,App,Active,Middle_Aged
C0045,73,West,Sme,24/01/2024 14:22,82,36.4,App,Active,Senior
C0046,72,Central,Sme,21/06/2024 19:07,84.8,38.5,App,Active,Senior
C0047,25,East,Consumer,20/05/2025 01:13,81.3,26.5,App,Active,Young
C0048,19,Riverside,Sme,21/10/2024 04:47,48.5,53.8,App,Active,Young
C0049,31,South,Consumer,10/09/2024 12:25,58.6,63,Phone,Active,Adult
C0050,71,Central,Consumer,23/05/2025 02:10,87.2,70.1,App,Active,Senior
C0051,37,East,Consumer,04/04/2025 12:35,49.3,53.8,App,Active,Adult
C0052,56,East,Consumer,11/10/2024 04:52,55.6,75.7,App,Active,Middle_Aged
C0053,22,Central,Consumer,16/03/2025 17:17,45.7,75.9,Phone,Active,Young
C0054,75,West,Consumer,24/12/2025 13:22,42.4,26.8,Web,Active,Senior
C0055,34,East,Enterprise,30/11/2025 12:14,80.3,50.5,App,Suspended,Adult
C0056,54,North,Consumer,03/06/2024 02:11,71.1,32,App,Active,Middle_Aged
C0057,29,North,Consumer,03/06/2024 07:42,68.2,37.1,Web,Active,Adult
C0058,37,Central,Sme,26/08/2024 00:31,59.6,59.2,App,Active,Adult
C0059,26,West,Consumer,26/08/2025 05:16,77.3,53.3,Phone,Active,Adult
C0060,52,Central,Consumer,15/10/2024 00:09,85.2,83.5,App,Active,Middle_Aged
C0061,78,Riverside,Consumer,05/03/2025 17:23,60.9,94.6,Web,Dormant,Senior
C0062,33,Central,Consumer,16/09/2025 18:20,55.5,63.7,Web,Active,Adult
C0063,78,North,Consumer,08/05/2024 22:54,44.6,52.1,Partner API,Active,Senior
C0064,58,East,Consumer,11/06/2025 19:41,78.3,53,App,Active,Middle_Aged
C0065,44,Central,Consumer,23/11/2025 23:03,52.8,55.6,Web,Active,Middle_Aged
C0066,21,South,Consumer,12/04/2025 21:51,37.1,66.7,App,Dormant,Young
C0067,43,Riverside,Consumer,26/07/2025 12:25,56.7,41.9,Web,Dormant,Middle_Aged
C0068,46,Riverside,Consumer,12/02/2025 12:06,61.4,66.9,App,Active,Middle_Aged
C0069,20,Airport,Sme,08/05/2025 20:25,74.3,51.2,Phone,Dormant,Young
C0070,51,West,Consumer,04/03/2024 06:04,77.1,75.9,App,Active,Middle_Aged
C0071,59,Airport,Consumer,01/08/2024 14:10,49.3,81.7,Phone,Active,Middle_Aged
C0072,61,North,Sme,22/04/2024 10:38,48.2,88.9,App,Active,Senior
C0073,48,East,Consumer,23/02/2024 03:00,55.7,52.9,Phone,Active,Middle_Aged
C0074,40,West,Sme,03/08/2025 04:34,41.6,30.2,App,Active,Adult
C0075,43,Central,Consumer,13/04/2024 11:39,59.2,23.9,App,Active,Middle_Aged
C0076,70,West,Enterprise,27/01/2024 02:55,68.4,50.3,App,Active,Senior
C0077,59,North,Sme,31/07/2024 19:24,61.7,29,Web,Active,Middle_Aged
C0078,40,East,Consumer,01/06/2024 20:16,35.2,24.6,Phone,Active,Adult
C0079,61,East,Consumer,21/12/2024 19:23,41.9,49.2,App,Active,Senior
C0080,25,East,Consumer,30/04/2025 03:07,81.6,37.2,App,Active,Young
C0081,42,South,Consumer,14/05/2025 14:30,44.8,69,Phone,Active,Middle_Aged
C0082,49,East,Consumer,10/05/2025 09:05,72.8,92.8,Web,Active,Middle_Aged
C0083,28,West,Consumer,27/05/2024 03:47,71.1,51.7,App,Dormant,Adult
C0084,33,Airport,Consumer,16/12/2024 23:16,55.8,61.9,Web,Active,Adult
C0085,76,Airport,Consumer,05/05/2025 22:10,45,26,App,Active,Senior
C0086,65,West,Sme,12/06/2025 00:13,64.4,59.5,App,Active,Senior
C0087,49,West,Consumer,24/06/2025 11:09,46.8,42.7,App,Active,Middle_Aged
C0088,43,Airport,Enterprise,07/12/2025 17:58,58.2,35.2,App,Active,Middle_Aged
C0089,40,Riverside,Consumer,28/01/2024 16:19,62.7,20.7,App,Active,Adult
C0090,54,Central,Consumer,20/10/2025 02:44,49.5,86.5,App,Active,Middle_Aged
C0091,40,Airport,Sme,24/09/2024 16:23,57.4,25.4,Phone,Active,Adult
C0092,49,Riverside,Consumer,20/06/2024 11:49,56.1,33.1,Web,Active,Middle_Aged
C0093,48,North,Consumer,16/08/2024 17:34,41.2,56.3,App,Active,Middle_Aged
C0094,22,Riverside,Consumer,29/05/2025 10:40,58,61.6,Phone,Active,Young
C0095,23,South,Sme,16/08/2024 19:51,50.8,61.7,App,Suspended,Young
C0096,73,West,Consumer,18/07/2024 07:52,31.8,58.2,Unknown,Active,Senior
C0097,46,Airport,Sme,14/02/2025 23:51,55.6,39.2,Web,Active,Middle_Aged
C0098,54,Central,Consumer,20/08/2024 06:33,56.5,70.7,App,Dormant,Middle_Aged
C0099,33,North,Consumer,19/05/2025 11:46,51.3,59.8,Phone,Active,Adult
C0100,34,Central,Consumer,30/01/2024 00:50,28,28.6,Web,Active,Adult
C0101,63,North,Enterprise,13/10/2024 15:16,73.4,86.6,App,Active,Senior
C0102,39,East,Enterprise,17/07/2024 22:38,71.9,49.7,App,Active,Adult
C0103,20,Airport,Consumer,18/12/2024 14:51,71.4,74.2,Web,Active,Young
C0104,39,East,Consumer,23/12/2024 11:05,66.2,28.6,App,Active,Adult
C0105,47,Central,Enterprise,13/08/2024 03:14,40.9,33.6,App,Active,Middle_Aged
C0106,22,Central,Consumer,26/04/2025 06:21,63,45.3,App,Active,Young
C0107,64,Airport,Consumer,28/07/2024 15:39,46.2,43.1,Phone,Dormant,Senior
C0108,39,Central,Consumer,16/09/2025 00:30,96,75.5,App,Active,Adult
C0109,78,North,Consumer,30/10/2025 11:51,52.7,25.4,App,Dormant,Senior
C0110,63,East,Consumer,20/10/2025 02:53,59.6,59.4,Phone,Active,Senior
C0111,67,West,Consumer,07/11/2025 03:58,36.2,37,App,Active,Senior
C0112,25,North,Consumer,01/02/2025 22:48,42.1,66.1,App,Active,Young
C0113,38,West,Consumer,23/07/2024 15:56,52.4,60.2,Web,Active,Adult
C0114,38,Central,Consumer,01/07/2024 13:50,72.2,45.8,App,Active,Adult
C0115,38,Airport,Consumer,13/10/2025 10:05,69.8,98.5,Web,Active,Adult
C0116,64,Riverside,Consumer,09/02/2025 14:25,65.6,55.5,Web,Active,Senior
C0117,32,North,Consumer,27/03/2024 23:10,31.3,77.2,App,Active,Adult
C0118,20,South,Consumer,23/06/2024 04:01,79.1,31.1,App,Active,Young
C0119,65,Central,Sme,03/06/2024 18:57,46.2,54,Web,Dormant,Senior
C0120,26,North,Consumer,21/04/2025 20:09,86.8,58,App,Active,Adult
C0121,25,South,Consumer,18/09/2025 19:30,90.9,59,Phone,Active,Young
C0122,40,Central,Consumer,04/11/2025 11:09,74.2,49.8,Web,Active,Adult
C0123,56,South,Sme,15/07/2025 17:08,76.8,40.6,App,Active,Middle_Aged
C0124,31,Airport,Consumer,22/01/2024 00:51,40.8,1,Web,Active,Adult
C0125,31,Airport,Consumer,27/10/2025 03:33,99,45.6,Web,Active,Adult
C0126,42,North,Consumer,22/05/2024 13:55,64.5,39,App,Active,Middle_Aged
C0127,32,West,Sme,18/07/2024 06:01,77,51.5,Web,Active,Adult
C0128,34,Airport,Sme,14/09/2024 06:18,47.3,72.7,App,Active,Adult
C0129,24,Riverside,Consumer,28/05/2025 07:48,60,98.6,App,Active,Young
C0130,46,South,Consumer,23/08/2025 10:16,42,66.6,App,Active,Middle_Aged
C0131,68,South,Consumer,11/07/2025 13:53,57.2,75.8,Web,Active,Senior
C0132,56,Riverside,Consumer,14/05/2024 01:58,61.2,68.4,App,Active,Middle_Aged
C0133,74,Riverside,Consumer,28/12/2024 14:42,65.1,70.3,Web,Active,Senior
C0134,22,South,Sme,20/08/2025 16:26,83.3,67.7,App,Active,Young
C0135,65,West,Consumer,28/05/2025 04:34,68.7,51.6,App,Active,Senior
C0136,64,Central,Consumer,04/06/2024 16:32,64.9,50.4,Unknown,Active,Senior
C0137,57,Airport,Consumer,20/01/2024 14:49,61.6,62.9,App,Active,Middle_Aged
C0138,74,South,Consumer,06/07/2024 19:00,93.2,90.8,Web,Active,Senior
C0139,60,Central,Sme,02/06/2024 05:09,51.7,71.5,App,Active,Middle_Aged
C0140,21,Airport,Consumer,29/04/2025 19:46,80,87.2,Partner API,Active,Young
C0141,37,West,Consumer,03/05/2024 17:03,29.6,32.1,Partner API,Dormant,Adult
C0142,29,South,Consumer,29/11/2024 21:33,47,61.7,App,Active,Adult
C0143,48,North,Consumer,27/06/2025 17:30,59.6,64.3,Phone,Active,Middle_Aged
C0144,54,South,Consumer,18/04/2024 17:03,58.4,66.6,Phone,Active,Middle_Aged
C0145,34,Airport,Consumer,11/09/2024 06:17,99,30.6,Unknown,Active,Adult
C0146,20,North,Consumer,13/02/2024 03:32,99,21.7,App,Active,Young
C0147,28,North,Enterprise,08/04/2025 17:01,36.7,16.4,App,Active,Adult
C0148,26,East,Sme,05/03/2024 14:20,43.9,49.2,App,Active,Adult
C0149,63,North,Consumer,19/09/2025 16:38,58.7,100,App,Active,Senior
C0150,58,North,Consumer,08/06/2025 06:44,88.8,60.9,App,Active,Middle_Aged
C0151,20,North,Consumer,10/10/2024 14:32,79.2,33.8,App,Suspended,Young
C0152,61,West,Consumer,30/06/2025 15:32,66.2,63.3,App,Dormant,Senior
C0153,49,Central,Sme,10/09/2024 22:33,38.4,51.1,App,Active,Middle_Aged
C0154,23,East,Sme,22/09/2024 17:57,47.5,60.1,Phone,Active,Young
C0155,24,North,Consumer,26/07/2024 14:08,18.1,48.3,App,Active,Young
C0156,26,East,Sme,02/03/2025 03:25,59.6,32.3,Web,Active,Adult
C0157,50,Central,Consumer,28/03/2025 10:04,67.9,46.8,App,Active,Middle_Aged
C0158,57,Riverside,Consumer,18/11/2025 07:27,73.7,70.5,Web,Active,Middle_Aged
C0159,37,Riverside,Consumer,15/03/2024 06:42,40.2,62.7,Web,Dormant,Adult
C0160,57,South,Consumer,06/11/2024 03:57,62.8,80.2,Phone,Suspended,Middle_Aged
C0161,42,North,Consumer,07/06/2024 22:41,87.1,36.6,App,Active,Middle_Aged
C0162,61,Airport,Enterprise,07/11/2025 11:09,63.7,76.9,Web,Suspended,Senior
C0163,55,Riverside,Sme,16/09/2024 04:29,56.2,58.2,App,Active,Middle_Aged
C0164,78,West,Consumer,12/08/2024 23:06,70.9,60.8,App,Active,Senior
C0165,39,Airport,Consumer,11/02/2025 15:10,69.5,80.8,App,Active,Adult
C0166,66,Airport,Consumer,14/11/2025 07:10,62.4,54.7,Unknown,Active,Senior
C0167,72,Central,Consumer,24/12/2025 13:32,52.5,62,App,Active,Senior
C0168,70,Riverside,Consumer,17/02/2025 10:26,54.3,69.4,Web,Active,Senior
C0169,77,North,Consumer,19/07/2024 11:20,59.6,69.6,App,Dormant,Senior
C0170,51,South,Sme,04/04/2024 23:23,52.3,72.8,Partner API,Active,Middle_Aged
C0171,47,South,Consumer,20/01/2024 10:35,82.4,81.9,Phone,Active,Middle_Aged
C0172,28,North,Consumer,14/04/2025 14:45,75.4,67.4,Unknown,Active,Adult
C0173,76,Riverside,Consumer,19/01/2024 12:21,78.5,49.1,App,Suspended,Senior
C0174,74,North,Consumer,13/06/2025 19:18,93.5,100,App,Active,Senior
C0175,37,Central,Consumer,08/06/2025 02:07,86.4,56.9,App,Active,Adult
C0176,43,North,Sme,22/08/2024 03:05,83.8,64.7,Web,Active,Middle_Aged
C0177,39,East,Consumer,28/09/2024 08:02,67,43.4,App,Suspended,Adult
C0178,45,East,Consumer,04/07/2024 08:48,58,16.1,Phone,Active,Middle_Aged
C0179,38,South,Consumer,12/05/2024 13:54,97.9,42.8,App,Active,Adult
C0180,64,West,Consumer,23/11/2025 08:25,50.3,58.9,Phone,Active,Senior
C0181,41,West,Consumer,01/06/2024 17:58,51.2,67.7,App,Dormant,Middle_Aged
C0182,21,East,Enterprise,11/06/2025 18:31,47.2,58.2,App,Dormant,Young
C0183,44,Central,Sme,18/12/2025 10:05,64.5,72.8,App,Active,Middle_Aged
C0184,59,South,Sme,12/10/2024 01:51,67.8,76.5,App,Active,Middle_Aged
C0185,40,South,Consumer,05/12/2025 05:27,77.5,76.4,Phone,Suspended,Adult
C0186,56,East,Consumer,15/03/2024 08:01,57.5,57.8,Phone,Dormant,Middle_Aged
C0187,47,East,Sme,11/10/2025 02:51,59.6,59.3,Web,Active,Middle_Aged
C0188,44,South,Sme,23/09/2024 02:38,66.2,53.6,App,Active,Middle_Aged
C0189,48,Riverside,Consumer,15/08/2024 02:16,76.6,41.1,App,Active,Middle_Aged
C0190,39,Airport,Consumer,04/05/2024 14:00,61.6,84.8,App,Active,Adult
C0191,27,North,Consumer,13/12/2024 17:26,58.9,34.1,Web,Active,Adult
C0192,45,East,Consumer,01/10/2024 19:08,70.1,56.4,App,Active,Middle_Aged
C0193,20,South,Consumer,14/02/2024 16:45,84,62.1,App,Active,Young
C0194,57,West,Sme,01/09/2024 03:10,60,17.1,App,Dormant,Middle_Aged
C0195,41,South,Consumer,25/09/2024 01:11,38.3,71.9,Web,Active,Middle_Aged
C0196,72,West,Enterprise,25/07/2024 09:40,52,51.1,Web,Active,Senior
C0197,29,Riverside,Consumer,08/11/2024 16:48,58.4,62,App,Active,Adult
C0198,53,East,Sme,29/07/2024 09:28,32.2,51.5,App,Active,Middle_Aged
C0199,64,Central,Consumer,27/05/2025 21:11,73.4,28.6,Phone,Active,Senior
C0200,36,Central,Consumer,04/10/2024 11:51,48.8,61.5,Phone,Active,Adult
C0201,49,Central,Consumer,19/01/2024 08:02,69.2,59.8,App,Active,Middle_Aged
C0202,50,North,Consumer,16/01/2024 00:46,64.2,76.7,Unknown,Dormant,Middle_Aged
C0203,33,Central,Consumer,01/06/2025 17:12,59.6,66.8,App,Active,Adult
C0204,78,Riverside,Consumer,10/06/2025 15:15,87.1,25.8,App,Active,Senior
C0205,62,Central,Consumer,02/04/2025 03:42,52.1,78.7,Web,Active,Senior
C0206,60,South,Sme,27/10/2025 13:42,50.3,72.9,App,Active,Middle_Aged
C0207,54,Central,Consumer,21/05/2025 17:53,65.7,72.4,App,Active,Middle_Aged
C0208,48,Central,Enterprise,06/02/2025 16:19,74.5,67,Phone,Dormant,Middle_Aged
C0209,33,Central,Consumer,05/12/2025 06:14,61,44.4,App,Dormant,Adult
C0210,33,North,Consumer,16/12/2024 06:53,45.3,67.9,App,Active,Adult
C0211,29,Riverside,Enterprise,24/12/2025 23:40,72.1,50.9,Web,Active,Adult
C0212,27,Riverside,Consumer,23/05/2024 12:22,70.7,100,Web,Dormant,Adult
C0213,53,East,Consumer,25/02/2024 04:00,94.2,53.3,App,Active,Middle_Aged
C0214,34,Central,Consumer,13/03/2024 20:47,57.5,36.7,App,Active,Adult
C0215,67,North,Sme,18/09/2024 13:10,64.4,51.4,App,Active,Senior
C0216,50,Riverside,Consumer,26/02/2024 02:42,51.9,85.2,App,Active,Middle_Aged
C0217,30,Airport,Consumer,25/01/2025 16:42,37.2,47,Web,Active,Adult
C0218,32,Central,Consumer,15/10/2024 19:15,62.2,11.4,App,Active,Adult
C0219,29,Central,Consumer,10/12/2025 09:02,74.6,85.7,Web,Active,Adult
C0220,47,South,Sme,15/04/2025 05:10,44.8,64,Web,Dormant,Middle_Aged
C0221,53,East,Consumer,02/10/2024 14:00,50.2,48.4,App,Active,Middle_Aged
C0222,36,South,Sme,26/09/2024 11:21,42.2,71.4,Web,Active,Adult
C0223,34,Central,Sme,14/07/2025 10:15,59.6,40.3,App,Active,Adult
C0224,63,North,Sme,05/02/2024 09:13,50.9,35.5,Web,Active,Senior
C0225,39,Riverside,Sme,31/12/2024 05:00,70.3,75.9,App,Active,Adult
C0226,74,West,Consumer,09/12/2024 12:05,47.2,48,Web,Active,Senior
C0227,69,West,Consumer,01/05/2025 08:32,62.2,67.9,App,Active,Senior
C0228,43,North,Sme,02/11/2025 06:15,51,58.1,App,Active,Middle_Aged
C0229,52,Central,Consumer,31/05/2025 00:05,23.4,73.7,Web,Active,Middle_Aged
C0230,70,Airport,Consumer,27/09/2024 02:09,62.2,59.9,Web,Active,Senior
C0231,28,Central,Sme,13/02/2025 18:02,69.4,18.9,App,Active,Adult
C0232,45,South,Sme,07/02/2025 00:19,27.7,70.8,App,Active,Middle_Aged
C0233,75,Airport,Consumer,07/11/2024 20:14,58.2,48.8,Partner API,Active,Senior
C0234,71,North,Consumer,27/03/2024 18:33,54.1,74.6,App,Active,Senior
C0235,35,Airport,Enterprise,07/06/2024 21:57,43.7,60,Phone,Active,Adult
C0236,25,Central,Sme,02/09/2025 12:48,57,84.9,App,Active,Young
C0237,40,South,Consumer,29/11/2024 23:31,30,51.8,Web,Active,Adult
C0238,56,West,Consumer,02/06/2024 09:46,65,18.7,App,Active,Middle_Aged
C0239,65,Central,Sme,25/09/2025 20:09,80,51.7,App,Suspended,Senior
C0240,78,South,Sme,14/02/2024 22:57,40.8,67.6,Web,Active,Senior
C0241,45,Airport,Consumer,09/06/2025 20:27,60,51.3,App,Active,Middle_Aged
C0242,21,East,Consumer,18/12/2025 16:08,83.8,48.9,Web,Active,Young
C0243,31,Riverside,Consumer,20/06/2025 16:36,63,85.8,Phone,Suspended,Adult
C0244,27,Airport,Consumer,17/01/2024 21:37,52.7,54.9,Phone,Active,Adult
C0245,43,North,Consumer,29/12/2025 21:44,46.4,77.8,App,Active,Middle_Aged
C0246,32,Central,Consumer,20/10/2025 07:05,63.8,60.6,Phone,Active,Adult
C0247,31,East,Consumer,01/02/2024 01:08,58.9,30.3,Web,Active,Adult
C0248,59,Central,Consumer,14/10/2025 11:06,71.1,39.9,App,Active,Middle_Aged
C0249,26,West,Consumer,20/01/2025 14:35,36.7,51.8,Phone,Dormant,Adult
C0250,58,West,Sme,21/02/2024 20:01,59.6,63.6,App,Suspended,Middle_Aged
C0251,56,Riverside,Consumer,03/10/2025 17:43,54.5,42.4,App,Active,Middle_Aged
C0252,38,North,Consumer,07/09/2024 15:16,71.3,30.9,App,Active,Adult
C0253,48,West,Consumer,04/01/2024 14:51,49.4,38.5,App,Active,Middle_Aged
C0254,57,East,Consumer,12/03/2024 23:59,40.2,47.8,Unknown,Active,Middle_Aged
C0255,38,North,Consumer,30/05/2025 17:05,51.9,40.9,Phone,Active,Adult
C0256,58,Central,Sme,06/11/2025 16:04,45.7,46.7,Phone,Active,Middle_Aged
C0257,34,West,Consumer,30/04/2025 08:51,55,93.1,App,Active,Adult
C0258,50,Riverside,Consumer,17/03/2024 08:15,71.4,63.1,Partner API,Active,Middle_Aged
C0259,43,Central,Consumer,29/07/2024 07:47,78.3,42.2,App,Dormant,Middle_Aged
C0260,21,East,Consumer,27/10/2025 14:31,64.3,57.5,App,Active,Young
C0261,39,Riverside,Consumer,26/01/2025 02:30,52.4,87.7,Web,Active,Adult
C0262,23,North,Consumer,01/12/2025 09:49,53.8,70,App,Active,Young
C0263,73,North,Consumer,17/02/2024 19:40,59.6,55.8,App,Active,Senior
C0264,51,Central,Consumer,20/10/2025 06:04,79.2,32,App,Active,Middle_Aged
C0265,26,East,Consumer,06/09/2025 04:21,55.8,25.4,App,Active,Adult
C0266,47,East,Consumer,17/09/2024 20:47,59,51.2,App,Active,Middle_Aged
C0267,31,Riverside,Consumer,10/12/2025 09:39,49,55.7,Web,Active,Adult
C0268,65,East,Enterprise,04/08/2025 04:00,64.3,26.8,App,Active,Senior
C0269,74,Riverside,Enterprise,08/05/2025 01:31,76.3,32.3,App,Active,Senior
C0270,64,Central,Sme,02/10/2024 21:06,14.5,56.9,Phone,Suspended,Senior
C0271,66,East,Consumer,09/12/2025 06:43,65.1,15.5,Web,Active,Senior
C0272,57,North,Consumer,16/05/2025 09:45,52.2,24.9,App,Active,Middle_Aged
C0273,61,South,Consumer,12/06/2025 09:29,23.8,56.7,App,Active,Senior
C0274,66,Riverside,Sme,22/04/2025 14:49,66,68.3,Phone,Active,Senior
C0275,56,East,Consumer,01/05/2024 17:12,59.6,63.7,App,Active,Middle_Aged
C0276,47,South,Consumer,15/11/2024 02:59,66.9,76.6,App,Active,Middle_Aged
C0277,51,South,Consumer,29/04/2025 00:18,39.1,87.6,App,Dormant,Middle_Aged
C0278,30,Riverside,Sme,14/04/2025 02:52,95.2,74.7,Unknown,Suspended,Adult
C0279,75,South,Consumer,02/06/2025 14:17,62.8,52.6,Web,Active,Senior
C0280,58,Airport,Sme,31/01/2025 06:58,55.5,98.2,Phone,Active,Middle_Aged
C0281,74,North,Consumer,03/08/2024 02:37,85.4,89.7,Phone,Active,Senior
C0282,29,Riverside,Consumer,02/04/2024 04:47,71.4,75.6,Web,Active,Adult
C0283,19,West,Sme,20/06/2025 08:23,74.3,42.3,App,Active,Young
C0284,39,North,Consumer,15/05/2024 19:52,79.6,65.4,App,Active,Adult
C0285,45,Riverside,Consumer,08/10/2025 16:17,27.9,18,Phone,Active,Middle_Aged
C0286,59,East,Consumer,25/04/2024 22:23,87.7,51.5,Web,Active,Middle_Aged
C0287,46,Central,Consumer,24/08/2024 15:57,55.4,10.5,Web,Active,Middle_Aged
C0288,51,West,Consumer,12/05/2025 12:01,65.6,49.8,Phone,Active,Middle_Aged
C0289,19,North,Sme,11/06/2024 00:31,75.8,77.3,App,Active,Young
C0290,30,North,Consumer,28/11/2025 14:25,49.6,58.2,Phone,Dormant,Adult
C0291,43,North,Enterprise,05/11/2024 23:09,66.1,88.6,Web,Active,Middle_Aged
C0292,24,South,Consumer,02/03/2025 11:24,73.2,57.9,App,Active,Young
C0293,65,North,Consumer,19/11/2024 03:53,60.3,59.8,Web,Active,Senior
C0294,53,North,Consumer,05/12/2024 00:20,68.9,52.2,App,Active,Middle_Aged
C0295,77,Riverside,Consumer,12/12/2024 12:07,35.3,68,App,Active,Senior
C0296,28,North,Enterprise,19/07/2024 22:00,41.9,57.3,Phone,Active,Adult
C0297,72,West,Consumer,23/10/2024 08:23,42.6,80.8,Partner API,Active,Senior
C0298,63,North,Consumer,07/03/2024 12:24,66.9,88.6,App,Dormant,Senior
C0299,43,South,Consumer,26/08/2025 02:23,99,65.1,App,Active,Middle_Aged
C0300,37,Central,Consumer,14/03/2025 08:54,65.2,36.6,App,Active,Adult
C0301,40,Riverside,Sme,19/02/2024 08:06,58.6,68.6,Phone,Dormant,Adult
C0302,35,West,Consumer,22/02/2024 21:18,60,83.8,App,Active,Adult
C0303,66,North,Consumer,12/10/2025 04:15,76.7,70.4,Web,Active,Senior
C0304,56,Riverside,Consumer,29/09/2024 13:32,72.4,63.6,Phone,Active,Middle_Aged
C0305,72,North,Consumer,19/11/2024 06:49,42.7,75.9,App,Active,Senior
C0306,47,East,Sme,17/01/2025 13:56,77.3,83.1,Phone,Active,Middle_Aged
C0307,77,West,Consumer,30/01/2024 20:25,60.6,8.4,App,Active,Senior
C0308,50,Riverside,Consumer,21/07/2025 17:13,74.1,87,Web,Active,Middle_Aged
C0309,78,Airport,Sme,23/03/2024 01:59,29,72.8,App,Active,Senior
C0310,24,Central,Sme,24/02/2025 14:39,36.1,67.3,App,Active,Young
C0311,75,East,Consumer,21/05/2024 20:55,70.5,47.5,Web,Active,Senior
C0312,78,Airport,Enterprise,20/10/2024 15:03,32.2,62.4,App,Active,Senior
C0313,34,Airport,Consumer,17/07/2025 04:10,67.2,69.7,Phone,Active,Adult
C0314,74,Riverside,Sme,28/04/2025 13:21,66.4,29.9,Phone,Active,Senior
C0315,31,Central,Sme,15/10/2024 09:16,63.3,72.3,App,Active,Adult
C0316,32,North,Consumer,30/10/2025 08:25,66.7,59.5,App,Active,Adult
C0317,19,South,Consumer,02/11/2025 07:19,65.2,86,App,Dormant,Young
C0318,48,West,Consumer,09/05/2025 17:42,68.2,71,App,Dormant,Middle_Aged
C0319,35,West,Sme,07/02/2025 03:10,54.5,54.8,Web,Dormant,Adult
C0320,52,Airport,Consumer,20/10/2025 05:04,60.6,59.2,App,Active,Middle_Aged
C0321,51,South,Consumer,31/07/2024 16:57,99,70.3,Partner API,Active,Middle_Aged
C0322,77,Central,Consumer,24/05/2025 17:14,79.2,60.9,App,Active,Senior
C0323,69,East,Consumer,08/04/2025 10:48,70.8,68.6,App,Active,Senior
C0324,18,Airport,Sme,05/04/2025 13:08,67.3,44.6,App,Active,Young
C0325,37,South,Consumer,14/07/2025 06:15,49.4,34.4,App,Active,Adult
C0326,60,West,Consumer,02/04/2024 05:21,64.6,47.3,Unknown,Active,Middle_Aged
C0327,46,North,Consumer,23/07/2025 02:20,57,31,App,Suspended,Middle_Aged
C0328,23,South,Consumer,01/09/2024 11:16,76.1,43.4,Phone,Suspended,Young
C0329,38,Riverside,Consumer,06/08/2025 06:56,46.4,64.9,Phone,Active,Adult
C0330,37,East,Sme,21/01/2024 23:55,23.2,27.1,App,Active,Adult
C0331,58,Riverside,Consumer,26/02/2025 12:26,52,34.8,App,Active,Middle_Aged
C0332,19,West,Consumer,20/06/2025 06:24,72.1,72.1,Phone,Active,Young
C0333,76,North,Consumer,03/10/2024 10:48,99,48.1,Phone,Active,Senior
C0334,63,Airport,Consumer,04/03/2024 15:17,59.6,57.9,App,Dormant,Senior
C0335,33,North,Sme,11/08/2025 11:08,45.3,34.6,App,Active,Adult
C0336,33,Airport,Consumer,04/12/2025 16:33,59.6,38.3,Phone,Dormant,Adult
C0337,71,North,Consumer,06/10/2025 06:05,45.8,52.4,Web,Active,Senior
C0338,35,Central,Consumer,04/10/2024 07:24,58,89.2,App,Dormant,Adult
C0339,27,South,Consumer,13/02/2025 20:28,46.6,66.6,App,Active,Adult
C0340,43,East,Consumer,18/03/2025 09:54,34.7,26.3,App,Active,Middle_Aged
C0341,51,Riverside,Consumer,23/01/2024 04:02,68.1,66.7,Phone,Dormant,Middle_Aged
C0342,20,West,Consumer,11/03/2025 22:48,64.1,75.7,App,Active,Young
C0343,75,Central,Consumer,29/04/2025 18:31,58.3,71.3,Web,Active,Senior
C0344,56,Central,Consumer,01/01/2024 02:25,66.5,34.9,App,Active,Middle_Aged
C0345,18,North,Consumer,24/06/2025 14:28,93.5,56.9,Web,Active,Young
C0346,46,Airport,Consumer,11/09/2024 03:14,62.9,98.5,App,Dormant,Middle_Aged
C0347,18,Riverside,Enterprise,07/06/2024 04:33,54.9,40.4,Web,Dormant,Young
C0348,26,North,Consumer,29/11/2025 03:52,74.9,64.5,App,Active,Adult
C0349,24,West,Enterprise,18/12/2025 20:54,34.7,43.9,Phone,Active,Young
C0350,46,South,Consumer,13/04/2025 02:35,73.1,34,Partner API,Active,Middle_Aged
C0351,66,Central,Enterprise,10/02/2024 00:50,48.6,49.9,App,Active,Senior
C0352,46,North,Consumer,08/05/2024 07:36,47.9,77.7,App,Active,Middle_Aged
C0353,50,West,Consumer,08/02/2024 20:45,62.8,80.2,Phone,Dormant,Middle_Aged
C0354,35,Airport,Consumer,07/11/2024 04:40,87.8,41.4,App,Active,Adult
C0355,39,Central,Consumer,14/09/2024 16:40,49.1,49.2,App,Active,Adult
C0356,51,North,Consumer,23/03/2025 22:48,76.2,41.3,Web,Active,Middle_Aged
C0357,25,Airport,Consumer,24/04/2024 03:04,67,18.7,App,Active,Young
C0358,22,South,Consumer,03/11/2024 16:37,38.7,69.7,Web,Active,Young
C0359,23,Airport,Consumer,15/07/2024 12:16,75.7,87.8,App,Active,Young
C0360,78,West,Consumer,16/08/2024 19:00,47.8,86.7,Phone,Active,Senior
C0361,65,South,Consumer,11/01/2024 17:19,59.6,49.3,Web,Active,Senior
C0362,55,Central,Consumer,16/04/2025 08:20,48.3,83.4,App,Active,Middle_Aged
C0363,48,Airport,Sme,22/10/2025 07:30,49.4,78.9,Web,Active,Middle_Aged
C0364,67,Central,Consumer,22/06/2025 07:35,70.5,51.8,Partner API,Active,Senior
C0365,47,Riverside,Consumer,09/09/2024 00:26,49.3,58.1,App,Suspended,Middle_Aged
C0366,70,South,Consumer,22/12/2025 20:19,59.6,51.2,Phone,Dormant,Senior
C0367,51,South,Sme,26/02/2024 00:12,64.5,62.8,Phone,Active,Middle_Aged
C0368,23,North,Consumer,25/05/2025 21:41,49.5,92.7,Phone,Active,Young
C0369,42,West,Consumer,06/03/2025 02:16,47.6,40.7,App,Active,Middle_Aged
C0370,18,East,Enterprise,21/08/2024 21:27,64.6,35.6,App,Active,Young
C0371,57,East,Consumer,14/01/2025 07:31,28.5,74.9,App,Active,Middle_Aged
C0372,34,West,Consumer,04/02/2024 22:21,26.2,59.4,Phone,Active,Adult
C0373,34,South,Consumer,06/03/2025 11:43,46.8,22.4,App,Active,Adult
C0374,74,North,Sme,09/02/2025 06:00,71.1,39.1,App,Active,Senior
C0375,30,West,Consumer,26/10/2024 23:54,63.9,42.6,App,Active,Adult
C0376,40,South,Sme,31/05/2025 02:13,61.3,46.8,Phone,Active,Adult
C0377,21,West,Consumer,22/05/2025 06:19,57.6,64.5,Phone,Active,Young
C0378,38,Riverside,Consumer,17/07/2024 07:29,26.2,77.3,App,Active,Adult
C0379,22,South,Consumer,14/08/2024 08:48,55.8,55.3,Web,Active,Young
C0380,24,Central,Sme,29/10/2024 03:39,32.6,61.2,Web,Active,Young
C0381,55,Central,Consumer,22/05/2025 19:11,74.4,44.3,App,Active,Middle_Aged
C0382,32,South,Consumer,16/08/2024 15:26,60.9,77.8,App,Active,Adult
C0383,70,West,Consumer,12/11/2025 01:38,59.6,84,App,Active,Senior
C0384,24,Riverside,Consumer,29/05/2024 12:03,67.4,53.4,Web,Active,Young
C0385,25,East,Consumer,06/08/2024 00:38,66.2,44.4,App,Dormant,Young
C0386,24,Central,Consumer,25/05/2024 13:03,64.7,97.8,App,Active,Young
C0387,65,Airport,Consumer,27/12/2025 01:11,66.6,76.1,App,Active,Senior
C0388,55,East,Consumer,06/02/2025 14:57,51.6,41.5,App,Active,Middle_Aged
C0389,70,Riverside,Consumer,30/12/2025 10:46,39.6,26.3,App,Active,Senior
C0390,51,Central,Consumer,25/04/2024 02:59,66.5,52.9,App,Active,Middle_Aged
C0391,64,West,Consumer,18/06/2024 10:12,84.1,81.3,App,Active,Senior
C0392,29,Central,Consumer,08/07/2024 20:59,77.2,48.2,Web,Active,Adult
C0393,42,East,Consumer,21/06/2025 23:29,57.6,53.8,App,Active,Middle_Aged
C0394,66,Central,Consumer,02/02/2024 09:42,70.8,49.2,Web,Active,Senior
C0395,76,South,Sme,22/01/2025 11:21,54,70.9,App,Active,Senior
C0396,76,Riverside,Consumer,29/03/2025 05:06,67.2,85,App,Active,Senior
C0397,33,West,Consumer,03/01/2024 02:17,51.3,34.6,Web,Suspended,Adult
C0398,63,South,Sme,23/03/2024 11:26,63.2,53.1,App,Active,Senior
C0399,61,East,Sme,06/05/2024 17:48,93,54.8,Phone,Active,Senior
C0400,33,Riverside,Consumer,31/07/2024 12:22,73.4,46.7,Partner API,Active,Adult
C0401,33,Airport,Consumer,12/11/2024 13:05,85,35.8,App,Active,Adult
C0402,71,West,Consumer,20/02/2024 22:30,48.6,74.2,App,Active,Senior
C0403,19,East,Consumer,19/07/2024 11:34,50,61.5,Web,Active,Young
C0404,25,East,Consumer,02/04/2025 06:20,59.6,72.3,App,Active,Young
C0405,51,Riverside,Consumer,07/01/2025 23:57,69.9,87.4,App,Active,Middle_Aged
C0406,75,North,Consumer,30/04/2025 00:40,57.7,51.7,App,Active,Senior
C0407,47,Riverside,Consumer,24/02/2025 07:51,77.2,68.9,App,Active,Middle_Aged
C0408,44,Airport,Consumer,02/10/2025 12:02,52.2,51,Web,Active,Middle_Aged
C0409,45,South,Consumer,19/01/2025 01:29,82.8,56.9,Web,Dormant,Middle_Aged
C0410,65,East,Sme,05/03/2024 01:16,76.5,65,App,Active,Senior
C0411,64,West,Consumer,18/07/2024 23:04,43.1,55.5,Partner API,Active,Senior
C0412,70,Airport,Consumer,12/09/2025 10:23,70.3,29.9,App,Active,Senior
C0413,32,Riverside,Consumer,05/10/2024 10:39,57.4,87.3,App,Active,Adult
C0414,21,Riverside,Sme,14/02/2024 08:47,77.3,61.5,Web,Active,Young
C0415,45,South,Consumer,07/12/2025 10:59,52.4,36.9,App,Active,Middle_Aged
C0416,34,South,Consumer,09/10/2024 09:00,66,16.7,Web,Active,Adult
C0417,72,West,Consumer,01/09/2025 20:04,69.7,58.2,App,Dormant,Senior
C0418,77,West,Consumer,25/01/2024 07:06,16.9,71.1,Web,Active,Senior
C0419,58,Central,Consumer,01/05/2025 22:29,30.9,77.9,App,Active,Middle_Aged
C0420,30,North,Enterprise,30/01/2025 08:58,63,79.9,App,Active,Adult
C0421,34,Central,Consumer,16/03/2025 15:08,59,51.4,App,Active,Adult
C0422,71,Riverside,Consumer,23/05/2025 05:00,77.3,70.9,Web,Active,Senior
C0423,25,Riverside,Consumer,06/11/2024 22:49,64.6,29.3,App,Active,Young
C0424,66,Riverside,Sme,03/06/2024 19:15,40.7,61.6,Partner API,Active,Senior
C0425,55,Riverside,Consumer,01/12/2024 10:29,66.3,76.1,App,Dormant,Middle_Aged
C0426,25,Riverside,Sme,05/01/2025 19:05,49,47.1,App,Dormant,Young
C0427,66,North,Sme,08/06/2025 06:25,57.3,55.6,App,Active,Senior
C0428,66,Riverside,Sme,12/06/2024 07:26,52.9,60.7,App,Active,Senior
C0429,31,South,Consumer,07/03/2024 20:02,66.6,61.3,App,Dormant,Adult
C0430,29,East,Consumer,08/05/2025 17:34,38.3,87,Web,Active,Adult
C0431,76,West,Sme,29/11/2024 05:27,43.1,38.1,Web,Dormant,Senior
C0432,36,Riverside,Sme,17/04/2024 02:16,25.4,84.2,Web,Active,Adult
C0433,27,Central,Enterprise,01/10/2025 02:13,95.3,34.9,Phone,Active,Adult
C0434,62,East,Consumer,08/04/2024 13:31,45,46,Web,Active,Senior
C0435,27,East,Consumer,27/12/2025 14:11,47.2,43.9,App,Active,Adult
C0436,20,Riverside,Sme,27/08/2024 04:26,42.5,57,App,Active,Young
C0437,51,Airport,Consumer,16/04/2025 19:57,50.7,49.3,App,Active,Middle_Aged
C0438,22,North,Consumer,21/11/2025 07:47,54,67.9,App,Active,Young
C0439,20,South,Consumer,05/07/2025 21:48,70.8,58.9,App,Active,Young
C0440,48,East,Consumer,04/05/2024 09:18,63.8,100,App,Active,Middle_Aged
C0441,42,South,Consumer,13/10/2024 18:17,66.3,66,Phone,Active,Middle_Aged
C0442,23,West,Consumer,16/01/2025 08:47,51.5,53.9,App,Active,Young
C0443,20,South,Consumer,23/09/2024 06:28,59.8,65.8,Unknown,Active,Young
C0444,67,Central,Consumer,10/09/2024 05:15,80.5,70.1,Web,Active,Senior
C0445,26,Riverside,Sme,29/08/2024 04:18,60.6,55.1,App,Active,Adult
C0446,20,Airport,Sme,15/08/2025 06:20,65.9,37.5,Partner API,Dormant,Young
C0447,42,North,Consumer,07/03/2024 12:16,28.5,43.4,App,Active,Middle_Aged
C0448,42,South,Consumer,08/09/2024 16:33,69.3,62.1,App,Active,Middle_Aged
C0449,67,East,Enterprise,24/08/2024 20:51,65.1,74.6,App,Active,Senior
C0450,64,Central,Consumer,12/04/2024 20:29,81.6,67.9,Unknown,Active,Senior
C0451,56,East,Consumer,07/02/2024 03:00,17,57.1,Web,Active,Middle_Aged
C0452,70,South,Consumer,01/05/2025 07:53,61.4,69.4,App,Active,Senior
C0453,76,East,Consumer,04/04/2025 11:02,58.9,49.3,Phone,Dormant,Senior
C0454,28,South,Consumer,27/10/2024 07:07,62.2,63.6,App,Active,Adult
C0455,43,Airport,Consumer,21/02/2024 06:38,50.8,85.7,Phone,Active,Middle_Aged
C0456,25,Central,Sme,20/08/2025 06:59,64.2,79.9,Phone,Active,Young
C0457,41,East,Consumer,17/03/2024 11:32,72,84.5,App,Active,Middle_Aged
C0458,37,Central,Enterprise,01/07/2024 14:38,61.5,51.7,App,Active,Adult
C0459,20,West,Consumer,23/09/2024 21:00,56.1,62.6,App,Dormant,Young
C0460,27,West,Consumer,18/04/2024 20:38,57.3,39.5,Web,Active,Adult
C0461,55,East,Consumer,27/12/2025 19:22,54.5,76.2,App,Active,Middle_Aged
C0462,61,West,Enterprise,10/08/2024 01:23,61.4,50.6,Partner API,Active,Senior
C0463,39,Riverside,Consumer,14/12/2024 04:02,49.2,33.6,App,Dormant,Adult
C0464,71,Airport,Enterprise,27/07/2024 08:02,28.8,49.2,Phone,Dormant,Senior
C0465,65,Airport,Consumer,05/09/2025 23:41,82.4,63.5,App,Active,Senior
C0466,26,North,Consumer,27/07/2024 00:52,32.5,16.7,App,Active,Adult
C0467,49,West,Enterprise,01/12/2024 13:43,58.7,31.7,Web,Active,Middle_Aged
C0468,45,East,Consumer,15/01/2025 05:39,39.7,77.4,Web,Dormant,Middle_Aged
C0469,20,North,Consumer,15/11/2024 02:13,59.6,60.5,App,Active,Young
C0470,39,East,Sme,02/02/2024 15:35,45.1,57.8,App,Active,Adult
C0471,42,North,Consumer,10/05/2025 02:26,59.9,28,App,Dormant,Middle_Aged
C0472,21,South,Sme,13/04/2024 12:42,47.1,88.8,App,Dormant,Young
C0473,72,Airport,Consumer,17/07/2025 04:40,39.8,78.2,Web,Active,Senior
C0474,40,Central,Consumer,30/06/2025 02:41,65.5,72,App,Active,Adult
C0475,47,Central,Consumer,16/06/2024 12:44,81.9,37.5,App,Active,Middle_Aged
C0476,59,North,Consumer,04/10/2024 13:18,66,69.6,App,Active,Middle_Aged
C0477,53,South,Sme,14/11/2025 09:26,62.2,80.4,Partner API,Active,Middle_Aged
C0478,43,North,Consumer,22/02/2024 09:47,43.6,52.4,App,Active,Middle_Aged
C0479,48,North,Enterprise,03/08/2025 11:26,59.1,53.9,App,Active,Middle_Aged
C0480,26,North,Enterprise,02/03/2025 00:55,67.6,49.6,App,Dormant,Adult
C0481,40,Riverside,Consumer,07/01/2025 20:12,50,70,Unknown,Active,Adult
C0482,73,Riverside,Enterprise,04/02/2025 23:25,74.8,54.1,Web,Active,Senior
C0483,24,South,Enterprise,27/07/2024 00:27,59.7,52.6,App,Active,Young
C0484,23,South,Consumer,09/06/2024 13:07,66,31,Web,Active,Young
C0485,41,Riverside,Sme,02/04/2024 12:36,52.4,27,App,Active,Middle_Aged
C0486,50,West,Enterprise,08/01/2025 14:49,52.5,76.4,App,Active,Middle_Aged
C0487,61,East,Sme,15/06/2024 04:00,63.9,88.5,Web,Active,Senior
C0488,63,West,Consumer,22/02/2024 17:09,66.5,75,Web,Active,Senior
C0489,49,South,Consumer,18/10/2025 12:05,65.9,85.5,App,Active,Middle_Aged
C0490,78,Central,Consumer,09/08/2025 19:59,44,48.3,Web,Active,Senior
C0491,60,Central,Consumer,14/01/2025 23:32,48.6,57.6,Web,Active,Middle_Aged
C0492,22,West,Consumer,24/06/2024 04:22,60,65.6,Phone,Active,Young
C0493,76,Airport,Consumer,17/10/2024 05:33,30.6,55.4,Web,Active,Senior
C0494,34,North,Consumer,24/06/2024 02:06,77,90.3,Phone,Active,Adult
C0495,20,Central,Consumer,27/01/2025 15:48,65.3,33.3,App,Dormant,Young
C0496,23,Riverside,Consumer,21/07/2024 09:08,60.9,47.6,App,Active,Young
C0497,65,North,Consumer,14/02/2024 15:20,48.8,51.9,App,Active,Senior
C0498,73,West,Enterprise,24/02/2024 19:59,73.4,45.1,App,Active,Senior
C0499,40,Central,Consumer,13/10/2025 12:05,55.9,74.5,App,Active,Adult
C0500,47,East,Consumer,30/12/2025 19:44,90.6,20.6,App,Active,Middle_Aged
C0501,42,Riverside,Sme,13/06/2024 20:50,66.5,80.1,App,Active,Middle_Aged
C0502,38,West,Sme,15/08/2024 19:25,36.3,75.7,App,Active,Adult
C0503,38,West,Consumer,21/09/2025 06:53,71.8,64.5,App,Active,Adult
C0504,66,Riverside,Consumer,29/04/2025 05:36,51.7,85.1,App,Active,Senior
C0505,36,North,Consumer,11/08/2024 01:25,51.9,100,Phone,Active,Adult
C0506,19,Airport,Enterprise,14/06/2025 05:24,56.3,62,App,Active,Young
C0507,32,North,Consumer,02/01/2025 03:09,58.1,72.4,App,Active,Adult
C0508,76,East,Consumer,09/09/2024 23:52,64.2,66,App,Active,Senior
C0509,77,West,Consumer,16/07/2024 01:56,59.6,68.5,Web,Dormant,Senior
C0510,42,West,Consumer,29/07/2025 21:02,67.4,49,App,Active,Middle_Aged
C0511,23,North,Consumer,14/11/2025 10:07,48.5,45,App,Active,Young
C0512,59,East,Consumer,03/02/2025 19:29,38.5,70.2,Web,Active,Middle_Aged
C0513,50,East,Consumer,17/07/2025 20:49,47.2,48.8,App,Active,Middle_Aged
C0514,22,Riverside,Consumer,09/11/2024 20:26,65.9,76.4,App,Active,Young
C0515,38,Riverside,Consumer,11/11/2024 18:15,74,73.9,Phone,Active,Adult
C0516,49,Central,Consumer,11/03/2025 12:42,88.9,50.3,Web,Active,Middle_Aged
C0517,66,Riverside,Consumer,11/01/2025 14:32,38.5,65.7,App,Active,Senior
C0518,62,Airport,Consumer,24/03/2025 05:01,61.4,60.3,App,Active,Senior
C0519,64,East,Enterprise,04/01/2024 19:31,56.4,56.2,Phone,Active,Senior
C0520,50,North,Consumer,21/04/2025 07:28,53.6,80.4,Partner API,Active,Middle_Aged
C0521,47,Central,Consumer,25/09/2025 14:53,62.3,59.6,Phone,Active,Middle_Aged
C0522,28,East,Consumer,02/07/2024 15:25,56.1,63.3,App,Suspended,Adult
C0523,77,North,Consumer,19/04/2024 02:08,55.8,22,Web,Active,Senior
C0524,67,Riverside,Consumer,02/01/2025 13:23,49.7,70.2,Phone,Active,Senior
C0525,68,Riverside,Consumer,03/04/2024 14:32,66.4,31.6,App,Active,Senior
C0526,70,West,Consumer,06/06/2025 21:02,76.9,51.6,Partner API,Active,Senior
C0527,73,Central,Consumer,11/02/2024 20:08,86.2,89.5,Web,Active,Senior
C0528,45,Central,Consumer,25/03/2024 23:20,51.6,92.8,App,Active,Middle_Aged
C0529,41,Riverside,Sme,07/06/2025 02:03,43.2,51.5,App,Active,Middle_Aged
C0530,28,West,Sme,31/05/2025 12:41,55.9,35.1,Partner API,Active,Adult
C0531,74,Central,Sme,19/05/2024 00:54,46.7,66.5,Partner API,Dormant,Senior
C0532,73,South,Consumer,08/03/2024 19:46,76.5,51.4,Phone,Active,Senior
C0533,35,South,Consumer,10/12/2025 03:12,46.9,65.4,App,Active,Adult
C0534,58,West,Consumer,14/05/2024 15:18,61.2,33.4,App,Active,Middle_Aged
C0535,39,South,Consumer,18/06/2024 21:50,38.6,80.2,Web,Active,Adult
C0536,56,North,Consumer,14/08/2024 02:53,54.5,88.4,App,Active,Middle_Aged
C0537,26,East,Consumer,25/12/2024 19:48,63.1,31.5,Phone,Dormant,Adult
C0538,28,Central,Enterprise,15/09/2024 05:20,84.5,44.3,App,Dormant,Adult
C0539,21,South,Consumer,20/09/2025 08:57,49,45.8,Web,Dormant,Young
C0540,75,Airport,Consumer,12/04/2025 04:16,66,72.9,Web,Active,Senior
C0541,48,Central,Consumer,29/05/2025 15:13,26.8,21.6,App,Active,Middle_Aged
C0542,73,Central,Consumer,29/08/2025 08:39,40.7,62.9,Phone,Active,Senior
C0543,20,Riverside,Consumer,02/06/2025 07:20,47,54.7,App,Dormant,Young
C0544,72,North,Consumer,16/01/2025 01:12,52.1,44,App,Active,Senior
C0545,18,South,Consumer,05/07/2024 12:10,66.9,72.4,App,Active,Young
C0546,67,Riverside,Consumer,13/10/2025 08:43,70.1,22,Web,Active,Senior
C0547,55,Riverside,Sme,01/12/2024 12:10,34.3,33,Web,Active,Middle_Aged
C0548,56,North,Enterprise,27/09/2024 03:49,68.5,44.1,App,Active,Middle_Aged
C0549,54,Airport,Consumer,27/06/2025 01:40,42.2,72.5,App,Active,Middle_Aged
C0550,39,North,Consumer,03/01/2025 14:35,89.4,52.4,App,Active,Adult
C0551,51,North,Sme,17/06/2025 18:44,65,43.3,App,Active,Middle_Aged
C0552,41,North,Consumer,17/04/2024 08:34,62.4,68.2,App,Active,Middle_Aged
C0553,23,South,Consumer,06/10/2025 12:47,57.2,49.9,App,Active,Young
C0554,37,East,Consumer,15/01/2025 08:24,59.5,46.8,App,Active,Adult
C0555,58,Riverside,Consumer,12/01/2025 18:09,60,53.3,Partner API,Active,Middle_Aged
C0556,20,East,Consumer,03/01/2025 10:48,48.9,65.5,Web,Dormant,Young
C0557,44,North,Sme,24/03/2024 14:14,71.9,100,App,Active,Middle_Aged
C0558,23,South,Consumer,29/06/2024 19:47,64.3,38.5,Phone,Active,Young
C0559,72,North,Consumer,19/02/2024 09:52,72,64.4,Partner API,Active,Senior
C0560,29,North,Sme,12/06/2025 08:19,59,56.2,Web,Active,Adult
C0561,65,East,Consumer,16/10/2025 18:59,70.9,54.3,App,Active,Senior
C0562,56,West,Consumer,10/11/2025 10:46,47.9,88,Phone,Active,Middle_Aged
C0563,51,South,Consumer,02/01/2024 23:02,99,73.9,Phone,Dormant,Middle_Aged
C0564,64,East,Consumer,14/08/2024 04:18,48.6,72,Web,Active,Senior
C0565,38,North,Sme,22/09/2025 20:27,52.8,50.7,App,Dormant,Adult
C0566,21,Central,Consumer,03/03/2025 16:23,75.4,43.2,App,Active,Young
C0567,74,East,Consumer,18/02/2024 04:31,79.7,64.9,App,Active,Senior
C0568,22,South,Consumer,20/08/2024 19:41,47.2,53.9,App,Active,Young
C0569,24,West,Consumer,16/02/2024 00:03,33.4,48.5,App,Active,Young
C0570,41,South,Enterprise,03/01/2024 18:22,37.6,72.1,App,Active,Middle_Aged
C0571,33,South,Consumer,07/11/2024 03:33,44.1,36.5,Phone,Active,Adult
C0572,66,North,Enterprise,31/12/2024 17:14,47.4,45.6,App,Active,Senior
C0573,47,Airport,Sme,27/02/2025 18:19,57.3,74.4,App,Active,Middle_Aged
C0574,54,South,Sme,26/08/2025 04:13,76.4,57.9,App,Active,Middle_Aged
C0575,25,Riverside,Consumer,10/01/2025 19:53,77.2,72.1,Web,Active,Young
C0576,65,East,Sme,01/05/2025 05:08,50.2,43.3,App,Dormant,Senior
C0577,56,North,Consumer,15/01/2024 07:45,68.6,72.9,App,Active,Middle_Aged
C0578,63,Central,Sme,01/06/2024 14:06,74.1,46,App,Active,Senior
C0579,61,Central,Consumer,06/03/2024 20:09,82.4,85.3,App,Active,Senior
C0580,24,Riverside,Consumer,12/11/2025 08:25,57.4,74.6,Phone,Active,Young
C0581,78,North,Consumer,27/09/2024 00:03,48.1,68.4,App,Dormant,Senior
C0582,29,Airport,Consumer,22/10/2025 17:57,71.9,88.7,Phone,Active,Adult
C0583,23,Airport,Consumer,24/12/2024 19:41,84.2,66.2,App,Dormant,Young
C0584,66,East,Consumer,15/08/2025 14:38,51.5,47.6,Partner API,Active,Senior
C0585,42,West,Consumer,14/06/2025 23:31,91.1,89.1,App,Active,Middle_Aged
C0586,47,Central,Consumer,11/09/2024 05:57,87.4,66.2,App,Active,Middle_Aged
C0587,28,South,Consumer,01/01/2024 01:03,55.7,82.8,App,Active,Adult
C0588,47,Riverside,Sme,28/06/2025 00:25,34.8,62.6,Web,Active,Middle_Aged
C0589,69,Central,Consumer,09/07/2024 07:10,50.4,81.8,App,Dormant,Senior
C0590,68,Airport,Sme,29/02/2024 03:00,54.3,43.3,App,Active,Senior
C0591,60,West,Enterprise,19/09/2025 17:42,59.6,35.8,App,Active,Middle_Aged
C0592,54,West,Consumer,20/07/2024 04:26,33.2,33.1,App,Active,Middle_Aged
C0593,67,South,Sme,23/07/2024 16:38,98.8,74.2,Phone,Active,Senior
C0594,70,East,Consumer,20/10/2025 16:41,97.4,22.5,Web,Active,Senior
C0595,72,Central,Consumer,18/10/2025 13:52,48.3,26,Phone,Active,Senior
C0596,43,Riverside,Consumer,19/09/2025 05:32,30.1,32.9,Partner API,Dormant,Middle_Aged
C0597,74,North,Consumer,12/11/2024 02:19,57.2,64.3,Phone,Active,Senior
C0598,28,North,Consumer,02/10/2025 01:56,66.7,68.2,App,Active,Adult
C0599,40,North,Consumer,04/05/2025 22:34,81.4,44.4,App,Active,Adult
C0600,34,East,Consumer,07/01/2024 12:54,71.3,74.8,App,Active,Adult
C0601,34,Airport,Consumer,23/03/2025 23:58,56.7,66,Phone,Active,Adult
C0602,52,South,Sme,21/04/2025 02:47,28.4,82.9,App,Active,Middle_Aged
C0603,34,West,Enterprise,02/11/2025 14:11,68.1,77.9,Web,Active,Adult
C0604,30,West,Consumer,19/08/2024 03:16,73.4,46.9,App,Active,Adult
C0605,21,Airport,Consumer,25/08/2024 20:02,54.9,63.8,App,Active,Young
C0606,68,South,Consumer,06/05/2024 10:57,64.3,56.9,App,Active,Senior
C0607,44,North,Consumer,12/12/2025 08:45,63.1,68.8,App,Active,Middle_Aged
C0608,46,West,Sme,23/02/2024 08:40,56,63.9,Phone,Active,Middle_Aged
C0609,70,East,Consumer,21/07/2025 21:27,41.4,60.5,Phone,Active,Senior
C0610,55,South,Consumer,03/12/2025 16:16,65.3,73.5,App,Active,Middle_Aged
C0611,43,Airport,Consumer,29/10/2024 20:59,37.2,61.2,Partner API,Active,Middle_Aged
C0612,53,Central,Consumer,10/08/2024 02:56,82.3,74,App,Active,Middle_Aged
C0613,40,North,Consumer,03/06/2025 00:10,45.5,60.7,App,Suspended,Adult
C0614,26,West,Sme,23/09/2024 07:53,59.6,57.1,App,Active,Adult
C0615,19,Airport,Consumer,26/07/2024 05:47,48.2,77.6,App,Active,Young
C0616,49,Riverside,Consumer,30/11/2024 06:56,65.9,78.2,Phone,Active,Middle_Aged
C0617,59,North,Enterprise,02/02/2025 10:38,56.5,83.6,App,Active,Middle_Aged
C0618,64,Airport,Consumer,01/09/2024 12:58,68.4,72.1,Phone,Active,Senior
C0619,48,North,Consumer,07/10/2025 22:42,47.2,56.1,App,Active,Middle_Aged
C0620,46,Central,Consumer,03/07/2025 15:30,33.7,63.7,Phone,Active,Middle_Aged
C0621,78,Central,Consumer,27/06/2025 22:00,55.3,63.1,App,Active,Senior
C0622,22,Riverside,Consumer,28/01/2024 13:46,54.2,26.8,Phone,Dormant,Young
C0623,53,Central,Sme,27/08/2024 18:56,35.8,38.8,Phone,Active,Middle_Aged
C0624,74,North,Consumer,11/11/2024 06:25,48.8,89,Web,Active,Senior
C0625,66,Central,Consumer,29/09/2025 18:04,33,59,Phone,Active,Senior
C0626,45,South,Consumer,01/08/2025 05:09,61.6,6,Phone,Active,Middle_Aged
C0627,54,Airport,Consumer,03/02/2024 00:07,53.8,57.9,Phone,Active,Middle_Aged
C0628,75,North,Consumer,19/04/2024 19:59,60,63.2,Web,Dormant,Senior
C0629,67,East,Sme,14/06/2024 11:09,99,36.8,Partner API,Active,Senior
C0630,57,Central,Enterprise,18/12/2025 00:01,62.3,100,Web,Active,Middle_Aged
C0631,44,North,Consumer,12/02/2024 04:44,65.8,81.4,Web,Active,Middle_Aged
C0632,27,Central,Consumer,20/10/2025 20:02,69.8,75.5,App,Active,Adult
C0633,44,Central,Consumer,14/12/2025 02:47,57.6,56.5,Partner API,Active,Middle_Aged
C0634,47,Central,Consumer,17/02/2024 02:54,50.3,69.2,App,Active,Middle_Aged
C0635,68,Riverside,Enterprise,27/08/2025 11:12,73.9,76.1,Web,Active,Senior
C0636,60,East,Consumer,30/06/2025 21:04,76.3,69.1,App,Suspended,Middle_Aged
C0637,70,North,Sme,29/12/2025 12:06,13.1,47.4,Web,Active,Senior
C0638,37,South,Sme,09/09/2024 06:13,57.2,63.6,App,Active,Adult
C0639,22,East,Consumer,24/04/2024 01:02,54.4,62.5,App,Active,Young
C0640,55,North,Sme,11/10/2025 02:52,50.8,65.6,Web,Dormant,Middle_Aged
C0641,46,Central,Consumer,08/10/2025 20:18,79.7,40.3,App,Active,Middle_Aged
C0642,59,North,Sme,03/05/2025 03:08,51.2,65,Web,Active,Middle_Aged
C0643,33,North,Consumer,10/04/2024 20:13,73.6,60,Web,Active,Adult
C0644,46,Riverside,Consumer,28/10/2024 10:21,51.1,64.4,App,Active,Middle_Aged
C0645,33,Airport,Sme,09/03/2025 08:01,53.2,63.7,Web,Active,Adult
C0646,64,South,Sme,25/12/2024 08:59,71.4,32.6,App,Active,Senior
C0647,42,East,Consumer,16/10/2024 01:45,59.6,76.1,App,Active,Middle_Aged
C0648,47,Airport,Consumer,11/01/2025 10:49,57.2,74,App,Active,Middle_Aged
C0649,75,Central,Enterprise,08/09/2025 16:30,42.1,34.4,App,Active,Senior
C0650,19,South,Consumer,21/10/2024 19:47,45.6,58,App,Dormant,Young
